phase,date,species,alive,trap_site,arm,trap_type,trap_position,fence_colour,recapture,site_of_first_capture,size_class,truncated_tail
pre-treatment,2005-08-29,Trachylepis capensis,alive,13A,0,bucket,NA,NA,no,NA,juvenile,NA
pre-treatment,2005-08-29,Trachylepis capensis,alive,D1,1,bucket,NA,NA,no,NA,adult,yes
pre-treatment,2005-08-29,Trachylepis capensis,alive,D2,2,funnel,3,black,no,NA,adult,yes
pre-treatment,2005-09-01,Trachylepis capensis,alive,Z2,4,funnel,8,blue,no,NA,juvenile,NA
pre-treatment,2005-09-03,Agama aculeata distanti,alive,D1,2,bucket,NA,NA,no,NA,juvenile,NA
pre-treatment,2005-09-03,Trachylepis capensis,alive,D2,1,bucket,NA,NA,no,NA,adult,NA
pre-treatment,2005-09-03,Trachylepis capensis,alive,D2,0,bucket,NA,NA,no,NA,adult,NA
pre-treatment,2005-09-03,Trachylepis capensis,alive,D3,4,funnel,7,blue,no,NA,adult,NA
pre-treatment,2005-09-03,Trachylepis capensis,alive,Z1,0,bucket,NA,NA,no,NA,adult,yes
pre-treatment,2005-09-05,Agama aculeata distanti,alive,D1,0,bucket,NA,NA,yes,D1,juvenile,NA
pre-treatment,2005-09-05,Trachylepis capensis,alive,D3,2,bucket,NA,NA,no,NA,adult,NA
pre-treatment,2005-09-05,Trachylepis capensis,alive,D3,4,bucket,NA,NA,no,NA,juvenile,NA
pre-treatment,2005-09-05,Trachylepis capensis,alive,Z3,0,bucket,NA,NA,no,NA,adult,NA
pre-treatment,2005-09-05,Trachylepis varia,alive,D1,3,bucket,NA,NA,no,NA,adult,NA
pre-treatment,2005-09-06,Trachylepis capensis,alive,D2,3,funnel,6,blue,no,NA,adult,NA
pre-treatment,2005-09-08,Lycophidion capense,dead,Z3,1,funnel,1,black,NA,NA,adult,NA
pre-treatment,2005-09-08,Trachylepis capensis,alive,D1,1,bucket,NA,NA,no,NA,juvenile,yes
pre-treatment,2005-09-08,Trachylepis varia,alive,13C,2,funnel,3,blue,no,NA,adult,NA
pre-treatment,2005-09-08,Trachylepis varia,alive,13C,3,funnel,6,blue,no,NA,adult,NA
pre-treatment,2005-09-09,Trachylepis capensis,alive,D2,2,funnel,4,blue,no,NA,adult,NA
pre-treatment,2005-09-11,Trachylepis capensis,alive,D3,3,bucket,NA,NA,no,NA,juvenile,yes
pre-treatment,2005-09-11,Trachylepis capensis,alive,Z2,2,funnel,3,blue,no,NA,juvenile,NA
pre-treatment,2005-09-13,Panaspis wahlbergii,alive,Z2,0,bucket,NA,NA,no,NA,adult,NA
pre-treatment,2005-09-13,Trachylepis capensis,alive,D1,3,bucket,NA,NA,no,NA,adult,NA
pre-treatment,2005-09-14,Agama aculeata distanti,alive,D1,4,bucket,NA,NA,no,NA,adult,NA
pre-treatment,2005-09-14,Trachylepis capensis,alive,13B,2,bucket,NA,NA,no,NA,adult,yes
pre-treatment,2005-09-14,Trachylepis capensis,alive,Z1,4,funnel,8,black,no,NA,juvenile,NA
pre-treatment,2005-09-16,Trachylepis capensis,alive,Z1,4,funnel,8,black,no,NA,adult,yes
pre-treatment,2005-09-19,Trachylepis capensis,alive,13A,1,bucket,NA,NA,no,NA,juvenile,NA
pre-treatment,2005-09-19,Trachylepis capensis,alive,D1,1,bucket,NA,NA,no,NA,juvenile,NA
pre-treatment,2005-09-20,Gerrhosaurus flavigularis,alive,13C,0,bucket,NA,NA,no,NA,adult,NA
pre-treatment,2005-09-21,Psammophis crucifer,alive,13C,4,funnel,8,blue,NA,NA,adult,NA
pre-treatment,2005-09-22,Gerrhosaurus flavigularis,alive,D3,4,bucket,NA,NA,no,NA,adult,NA
pre-treatment,2005-09-23,Gerrhosaurus flavigularis,alive,Z1,0,bucket,NA,NA,no,NA,juvenile,NA
pre-treatment,2005-09-24,Gerrhosaurus flavigularis,alive,13C,1,bucket,NA,NA,no,NA,adult,NA
pre-treatment,2005-09-26,Agama aculeata distanti,alive,D1,0,bucket,NA,NA,no,NA,adult,NA
pre-treatment,2005-09-26,Gerrhosaurus flavigularis,alive,Z3,0,bucket,NA,NA,no,NA,adult,NA
pre-treatment,2005-09-26,Gerrhosaurus flavigularis,alive,Z1,2,funnel,4,black,no,NA,adult,NA
pre-treatment,2005-09-27,Agama aculeata distanti,alive,D1,0,bucket,NA,NA,yes,D1,adult,NA
pre-treatment,2005-09-29,Gerrhosaurus flavigularis,alive,Z1,2,bucket,NA,NA,yes,Z1,juvenile,NA
pre-treatment,2005-09-29,Psammophis crucifer,alive,Z2,4,funnel,8,blue,NA,NA,juvenile,NA
pre-treatment,2005-09-30,Pseudaspis cana,alive,Z2,2,funnel,3,blue,NA,NA,juvenile,NA
pre-treatment,2005-10-01,Agama aculeata distanti,alive,D1,0,bucket,NA,NA,yes,D1,adult,NA
pre-treatment,2005-10-01,Gerrhosaurus flavigularis,alive,13C,4,bucket,NA,NA,no,NA,juvenile,NA
pre-treatment,2005-10-01,Gerrhosaurus flavigularis,alive,D3,1,bucket,NA,NA,no,NA,adult,NA
pre-treatment,2005-10-01,Trachylepis capensis,alive,D1,4,bucket,NA,NA,no,NA,adult,NA
pre-treatment,2005-10-02,Agama aculeata distanti,alive,D1,0,bucket,NA,NA,yes,D1,adult,NA
pre-treatment,2005-10-03,Agama aculeata distanti,alive,D1,3,bucket,NA,NA,yes,D1,adult,NA
pre-treatment,2005-10-03,Gerrhosaurus flavigularis,alive,6C,2,bucket,NA,NA,no,NA,adult,NA
pre-treatment,2005-10-03,Gerrhosaurus flavigularis,alive,Z1,0,bucket,NA,NA,no,NA,adult,NA
pre-treatment,2005-10-03,Leptotyphlops sp.,alive,6C,0,bucket,NA,NA,NA,NA,juvenile,NA
pre-treatment,2005-10-03,Trachylepis capensis,alive,D2,0,bucket,NA,NA,no,NA,adult,NA
pre-treatment,2005-10-03,Trachylepis capensis,alive,13B,1,bucket,NA,NA,yes,13B,adult,yes
pre-treatment,2005-10-04,Agama aculeata distanti,alive,13A,2,bucket,NA,NA,no,NA,juvenile,NA
pre-treatment,2005-10-04,Agama aculeata distanti,alive,D1,0,bucket,NA,NA,yes,D1,adult,NA
pre-treatment,2005-10-04,Trachylepis varia,alive,D1,2,funnel,3,blue,no,NA,adult,NA
pre-treatment,2005-10-04,Trachylepis capensis,alive,D3,0,bucket,NA,NA,yes,D3,adult,NA
pre-treatment,2005-10-04,Gerrhosaurus flavigularis,alive,6C,0,bucket,NA,NA,no,NA,adult,NA
pre-treatment,2005-10-04,Trachylepis capensis,alive,6B,2,bucket,NA,NA,no,NA,adult,NA
pre-treatment,2005-10-05,Trachylepis capensis,alive,13A,4,bucket,NA,NA,no,NA,adult,yes
pre-treatment,2005-10-05,Leptotyphlops sp.,alive,D2,0,bucket,NA,NA,NA,NA,adult,NA
pre-treatment,2005-10-05,Gerrhosaurus flavigularis,alive,D2,3,bucket,NA,NA,no,NA,adult,NA
pre-treatment,2005-10-05,Leptotyphlops sp.,alive,D3,1,bucket,NA,NA,NA,NA,juvenile,NA
pre-treatment,2005-10-05,Trachylepis capensis,alive,D3,2,bucket,NA,NA,no,NA,adult,yes
pre-treatment,2005-10-05,Trachylepis capensis,alive,6C,4,bucket,NA,NA,no,NA,adult,NA
pre-treatment,2005-10-05,Gerrhosaurus flavigularis,alive,6A,4,bucket,NA,NA,no,NA,adult,NA
pre-treatment,2005-10-06,Leptotyphlops sp.,alive,D2,1,bucket,NA,NA,NA,NA,adult,NA
pre-treatment,2005-10-06,Gerrhosaurus flavigularis,alive,6C,3,bucket,NA,NA,no,NA,adult,NA
pre-treatment,2005-10-07,Lycophidion capense,alive,13C,4,funnel,8,blue,NA,NA,juvenile,NA
pre-treatment,2005-10-07,Leptotyphlops sp.,alive,D2,4,bucket,NA,NA,NA,NA,adult,NA
pre-treatment,2005-10-10,Gerrhosaurus flavigularis,alive,6B,0,bucket,NA,NA,no,NA,juvenile,NA
pre-treatment,2005-10-10,Trachylepis capensis,alive,6B,0,bucket,NA,NA,no,NA,adult,yes
pre-treatment,2005-10-10,Gerrhosaurus flavigularis,alive,6B,4,bucket,NA,NA,no,NA,juvenile,NA
pre-treatment,2005-10-10,Trachylepis capensis,alive,6C,2,bucket,NA,NA,no,NA,adult,NA
pre-treatment,2005-10-10,Trachylepis capensis,alive,Z2,1,bucket,NA,NA,no,NA,adult,NA
pre-treatment,2005-10-10,Gerrhosaurus flavigularis,alive,D2,3,bucket,NA,NA,no,NA,adult,NA
pre-treatment,2005-10-10,Agama aculeata distanti,alive,D1,0,bucket,NA,NA,yes,D1,adult,NA
pre-treatment,2005-10-10,Agama aculeata distanti,alive,D1,0,bucket,NA,NA,yes,D1,adult,NA
pre-treatment,2005-10-10,Agama aculeata distanti,alive,D1,0,bucket,NA,NA,no,NA,adult,NA
pre-treatment,2005-10-10,Gerrhosaurus flavigularis,alive,13C,1,bucket,NA,NA,no,NA,adult,NA
pre-treatment,2005-10-10,Gerrhosaurus flavigularis,alive,13C,4,bucket,NA,NA,yes,13C,juvenile,NA
pre-treatment,2005-10-10,Trachylepis capensis,alive,13A,4,funnel,7,black,no,NA,juvenile,NA
pre-treatment,2005-10-11,Gerrhosaurus flavigularis,alive,13C,1,bucket,NA,NA,no,NA,adult,NA
pre-treatment,2005-10-11,Gerrhosaurus flavigularis,alive,13C,1,bucket,NA,NA,yes,13C,adult,NA
pre-treatment,2005-10-11,Trachylepis capensis,alive,6C,2,bucket,NA,NA,no,NA,adult,NA
pre-treatment,2005-10-11,Gerrhosaurus flavigularis,alive,6C,2,bucket,NA,NA,no,NA,adult,yes
pre-treatment,2005-10-11,Trachylepis capensis,alive,6B,0,bucket,NA,NA,no,NA,adult,NA
pre-treatment,2005-10-11,Leptotyphlops sp.,alive,6B,4,bucket,NA,NA,NA,NA,adult,NA
pre-treatment,2005-10-12,Gerrhosaurus flavigularis,alive,6B,2,bucket,NA,NA,no,NA,adult,NA
pre-treatment,2005-10-12,Agama aculeata distanti,alive,D1,0,bucket,NA,NA,yes,D1,adult,NA
pre-treatment,2005-10-12,Agama aculeata distanti,alive,D1,2,bucket,NA,NA,yes,D1,adult,NA
pre-treatment,2005-10-12,Agama aculeata distanti,alive,D1,4,bucket,NA,NA,yes,D1,adult,NA
pre-treatment,2005-10-12,Gerrhosaurus flavigularis,alive,13C,1,bucket,NA,NA,yes,13C,adult,NA
pre-treatment,2005-10-13,Agama aculeata distanti,alive,D1,0,bucket,NA,NA,yes,D1,adult,NA
pre-treatment,2005-10-13,Gerrhosaurus flavigularis,alive,D3,1,bucket,NA,NA,no,NA,adult,NA
pre-treatment,2005-10-13,Trachylepis capensis,dead,6B,3,funnel,5,black,no,NA,adult,NA
pre-treatment,2005-10-14,Trachylepis capensis,alive,13A,0,bucket,NA,NA,yes,13A,juvenile,yes
pre-treatment,2005-10-14,Agama aculeata distanti,alive,13A,1,bucket,NA,NA,yes,13A,juvenile,NA
pre-treatment,2005-10-14,Gerrhosaurus flavigularis,alive,13C,4,bucket,NA,NA,yes,13C,adult,NA
pre-treatment,2005-10-14,Trachylepis capensis,alive,D1,3,bucket,NA,NA,no,NA,adult,NA
pre-treatment,2005-10-17,Gerrhosaurus flavigularis,alive,13C,1,funnel,2,blue,yes,13C,adult,NA
pre-treatment,2005-10-17,Agama atra atra,alive,13C,4,bucket,NA,NA,no,NA,juvenile,NA
pre-treatment,2005-10-17,Psammophis crucifer,alive,D1,1,funnel,2,black,NA,NA,adult,NA
pre-treatment,2005-10-17,Agama aculeata distanti,dead,D1,1,funnel,2,black,yes,D1,adult,NA
pre-treatment,2005-10-17,Gerrhosaurus flavigularis,alive,D2,4,bucket,NA,NA,no,NA,adult,yes
pre-treatment,2005-10-17,Gerrhosaurus flavigularis,alive,D3,1,bucket,NA,NA,no,NA,adult,yes
pre-treatment,2005-10-17,Gerrhosaurus flavigularis,alive,D3,1,bucket,NA,NA,no,NA,adult,NA
pre-treatment,2005-10-17,Trachylepis capensis,alive,6B,3,funnel,5,black,no,NA,adult,NA
pre-treatment,2005-10-17,Trachylepis capensis,alive,6A,2,bucket,NA,NA,no,NA,juvenile,yes
pre-treatment,2005-10-17,Trachylepis varia,alive,6A,2,bucket,NA,NA,no,NA,juvenile,yes
pre-treatment,2005-10-17,Gerrhosaurus flavigularis,alive,6A,2,funnel,3,blue,no,NA,juvenile,yes
pre-treatment,2005-10-18,Trachylepis capensis,alive,13B,1,bucket,NA,NA,no,NA,adult,yes
pre-treatment,2005-10-18,Psammophylax rhombeatus,alive,13C,1,funnel,2,blue,NA,NA,adult,NA
pre-treatment,2005-10-18,Hemachatus haemachatus,alive,D1,0,bucket,NA,NA,NA,NA,juvenile,NA
pre-treatment,2005-10-18,Gerrhosaurus flavigularis,alive,Z1,3,bucket,NA,NA,no,NA,adult,yes
pre-treatment,2005-10-18,Lamprophis aurora,alive,6C,2,funnel,4,black,NA,NA,adult,NA
pre-treatment,2005-10-19,Trachylepis varia,alive,6C,2,funnel,3,blue,no,NA,adult,NA
pre-treatment,2005-10-20,Gerrhosaurus flavigularis,alive,6C,3,bucket,NA,NA,no,NA,juvenile,yes
pre-treatment,2005-10-20,Gerrhosaurus flavigularis,alive,6B,2,bucket,NA,NA,no,NA,juvenile,NA
pre-treatment,2005-10-21,Psammophis crucifer,alive,13B,1,funnel,2,black,NA,NA,adult,NA
pre-treatment,2005-10-21,Psammophis crucifer,alive,13B,1,funnel,2,black,NA,NA,adult,NA
pre-treatment,2005-10-21,Lamprophis capensis,alive,13C,0,bucket,NA,NA,NA,NA,juvenile,NA
pre-treatment,2005-10-21,Agama aculeata distanti,alive,D3,0,bucket,NA,NA,no,NA,adult,NA
pre-treatment,2005-10-21,Gerrhosaurus flavigularis,alive,D3,1,bucket,NA,NA,no,NA,juvenile,NA
pre-treatment,2005-10-22,Hemachatus haemachatus,dead,13B,2,funnel,3,black,NA,NA,juvenile,NA
pre-treatment,2005-10-22,Trachylepis capensis,alive,6C,2,bucket,NA,NA,no,NA,adult,yes
pre-treatment,2005-10-22,Trachylepis capensis,alive,6B,1,funnel,2,blue,no,NA,juvenile,NA
pre-treatment,2005-10-23,Gerrhosaurus flavigularis,alive,13C,4,bucket,NA,NA,no,NA,adult,NA
pre-treatment,2005-10-23,Gerrhosaurus flavigularis,alive,Z1,4,funnel,8,black,yes,Z1,adult,yes
pre-treatment,2005-10-23,Trachylepis capensis,alive,6B,3,bucket,NA,NA,no,NA,adult,NA
pre-treatment,2005-10-25,Trachylepis capensis,alive,D3,4,bucket,NA,NA,no,NA,adult,NA
pre-treatment,2005-10-25,Gerrhosaurus flavigularis,alive,Z2,0,bucket,NA,NA,no,NA,adult,yes
pre-treatment,2005-10-25,Gerrhosaurus flavigularis,alive,Z2,3,bucket,NA,NA,no,NA,juvenile,NA
pre-treatment,2005-10-25,Psammophis crucifer,alive,6B,3,funnel,5,black,NA,NA,adult,NA
pre-treatment,2005-10-26,Agama aculeata distanti,alive,13A,0,bucket,NA,NA,no,NA,adult,NA
pre-treatment,2005-10-27,Gerrhosaurus flavigularis,alive,6B,0,bucket,NA,NA,no,NA,juvenile,NA
pre-treatment,2005-10-28,Gerrhosaurus flavigularis,alive,13B,0,bucket,NA,NA,no,NA,adult,NA
pre-treatment,2005-10-28,Trachylepis capensis,alive,13B,4,funnel,7,black,yes,13B,adult,NA
pre-treatment,2005-10-28,Gerrhosaurus flavigularis,dead,D3,2,bucket,NA,NA,no,NA,juvenile,NA
pre-treatment,2005-10-28,Gerrhosaurus flavigularis,alive,Z3,3,funnel,5,blue,no,NA,juvenile,NA
pre-treatment,2005-10-28,Gerrhosaurus flavigularis,alive,6B,3,funnel,6,blue,no,NA,juvenile,NA
pre-treatment,2005-10-28,Gerrhosaurus flavigularis,alive,6B,4,funnel,8,blue,no,NA,adult,NA
pre-treatment,2005-10-29,Gerrhosaurus flavigularis,alive,6A,1,bucket,NA,NA,no,NA,adult,NA
pre-treatment,2005-10-31,Gerrhosaurus flavigularis,alive,D3,3,bucket,NA,NA,yes,D3,adult,NA
pre-treatment,2005-10-31,Gerrhosaurus flavigularis,alive,D3,3,bucket,NA,NA,no,NA,adult,yes
pre-treatment,2005-10-31,Agama aculeata distanti,alive,D3,3,bucket,NA,NA,no,NA,adult,NA
pre-treatment,2005-10-31,Trachylepis capensis,alive,6C,0,bucket,NA,NA,no,NA,juvenile,NA
pre-treatment,2005-11-01,Gerrhosaurus flavigularis,alive,D3,4,bucket,NA,NA,yes,D3,adult,NA
pre-treatment,2005-11-01,Gerrhosaurus flavigularis,alive,Z3,3,bucket,NA,NA,no,NA,juvenile,NA
pre-treatment,2005-11-02,Gerrhosaurus flavigularis,alive,D3,0,bucket,NA,NA,yes,D3,adult,NA
pre-treatment,2005-11-02,Trachylepis capensis,alive,D3,0,bucket,NA,NA,no,NA,adult,NA
pre-treatment,2005-11-03,Trachylepis capensis,alive,D3,4,bucket,NA,NA,yes,D3,adult,NA
pre-treatment,2005-11-03,Gerrhosaurus flavigularis,dead,6C,2,fence,NA,NA,no,NA,adult,NA
pre-treatment,2005-11-04,Gerrhosaurus flavigularis,alive,13B,1,funnel,2,black,no,NA,adult,NA
pre-treatment,2005-11-04,Trachylepis capensis,alive,D3,2,bucket,NA,NA,no,NA,adult,yes
pre-treatment,2005-11-04,Trachylepis capensis,alive,Z2,1,bucket,NA,NA,no,NA,juvenile,NA
pre-treatment,2005-11-04,Gerrhosaurus flavigularis,alive,6C,0,bucket,NA,NA,no,NA,adult,NA
pre-treatment,2005-11-04,Trachylepis capensis,alive,6B,0,bucket,NA,NA,no,NA,adult,yes
pre-treatment,2005-11-07,Trachylepis capensis,dead,D2,0,bucket,NA,NA,no,NA,adult,NA
pre-treatment,2005-11-07,Gerrhosaurus flavigularis,alive,Z1,3,bucket,NA,NA,no,NA,juvenile,NA
pre-treatment,2005-11-07,Gerrhosaurus flavigularis,alive,6B,2,bucket,NA,NA,no,NA,juvenile,NA
pre-treatment,2005-11-08,Gerrhosaurus flavigularis,alive,13C,1,funnel,2,blue,yes,13C,adult,NA
pre-treatment,2005-11-08,Gerrhosaurus flavigularis,alive,6A,1,bucket,NA,NA,no,NA,juvenile,NA
pre-treatment,2005-11-10,Leptotyphlops sp.,alive,D2,0,bucket,NA,NA,NA,NA,adult,NA
pre-treatment,2005-11-10,Pseudaspis cana,alive,Z3,2,funnel,3,blue,NA,NA,juvenile,NA
pre-treatment,2005-11-10,Gerrhosaurus flavigularis,alive,Z1,2,funnel,4,black,yes,Z1,adult,NA
pre-treatment,2005-11-10,Trachylepis capensis,alive,6B,3,funnel,5,black,yes,6B,adult,yes
pre-treatment,2005-11-14,Trachylepis capensis,alive,D3,2,bucket,NA,NA,no,NA,adult,NA
pre-treatment,2005-11-14,Trachylepis varia,alive,Z3,3,bucket,NA,NA,no,NA,juvenile,NA
pre-treatment,2005-11-14,Trachylepis varia,alive,Z2,2,bucket,NA,NA,no,NA,juvenile,NA
pre-treatment,2005-11-15,Trachylepis capensis,alive,13C,1,funnel,2,blue,no,NA,adult,NA
pre-treatment,2005-11-17,Trachylepis capensis,alive,13C,0,bucket,NA,NA,no,NA,juvenile,NA
pre-treatment,2005-11-17,Trachylepis capensis,alive,D1,1,bucket,NA,NA,no,NA,adult,yes
pre-treatment,2005-11-17,Agama aculeata distanti,alive,D1,3,bucket,NA,NA,yes,D1,adult,NA
pre-treatment,2005-11-17,Trachylepis capensis,alive,D2,3,bucket,NA,NA,no,NA,adult,NA
pre-treatment,2005-11-17,Trachylepis capensis,alive,Z2,2,bucket,NA,NA,no,NA,adult,yes
pre-treatment,2005-11-17,Trachylepis capensis,alive,6B,2,bucket,NA,NA,no,NA,adult,NA
pre-treatment,2005-11-17,Trachylepis capensis,alive,6B,0,bucket,NA,NA,no,NA,juvenile,yes
pre-treatment,2005-11-17,Gerrhosaurus flavigularis,alive,6B,4,bucket,NA,NA,no,NA,juvenile,NA
pre-treatment,2005-11-17,Trachylepis capensis,alive,6A,0,bucket,NA,NA,no,NA,adult,yes
pre-treatment,2005-11-18,Trachylepis capensis,alive,D1,1,bucket,NA,NA,yes,D1,adult,yes
pre-treatment,2005-11-18,Trachylepis capensis,alive,D1,1,bucket,NA,NA,no,NA,adult,NA
pre-treatment,2005-11-18,Agama aculeata distanti,alive,D1,2,bucket,NA,NA,yes,D1,adult,NA
pre-treatment,2005-11-18,Trachylepis capensis,alive,D1,3,bucket,NA,NA,no,NA,juvenile,NA
pre-treatment,2005-11-21,Trachylepis capensis,dead,13A,0,bucket,NA,NA,no,NA,adult,yes
pre-treatment,2005-11-21,Trachylepis capensis,alive,13B,2,bucket,NA,NA,no,NA,adult,NA
pre-treatment,2005-11-21,Trachylepis capensis,alive,13B,2,bucket,NA,NA,no,NA,adult,NA
pre-treatment,2005-11-22,Gerrhosaurus flavigularis,dead,Z2,2,bucket,NA,NA,no,NA,juvenile,NA
pre-treatment,2005-11-22,Gerrhosaurus flavigularis,alive,6C,0,bucket,NA,NA,no,NA,juvenile,NA
pre-treatment,2005-11-22,Trachylepis capensis,alive,6C,0,bucket,NA,NA,no,NA,juvenile,NA
pre-treatment,2005-11-22,Gerrhosaurus flavigularis,alive,6C,0,bucket,NA,NA,no,NA,juvenile,NA
pre-treatment,2005-11-22,Gerrhosaurus flavigularis,alive,6B,0,bucket,NA,NA,no,NA,juvenile,NA
pre-treatment,2005-11-22,Trachylepis capensis,alive,6B,0,bucket,NA,NA,no,NA,adult,NA
pre-treatment,2005-11-22,Gerrhosaurus flavigularis,alive,6B,3,bucket,NA,NA,no,NA,juvenile,NA
pre-treatment,2005-11-22,Gerrhosaurus flavigularis,dead,Z1,0,bucket,NA,NA,yes,Z1,juvenile,NA
pre-treatment,2005-11-22,Trachylepis capensis,dead,6A,1,bucket,NA,NA,no,NA,adult,yes
pre-treatment,2005-11-22,Trachylepis capensis,alive,D1,1,bucket,NA,NA,no,NA,adult,NA
pre-treatment,2005-11-22,Gerrhosaurus flavigularis,alive,D2,4,bucket,NA,NA,no,NA,adult,NA
pre-treatment,2005-11-24,Gerrhosaurus flavigularis,alive,6A,1,funnel,2,black,no,NA,adult,NA
pre-treatment,2005-11-25,Trachylepis capensis,alive,Z3,4,bucket,NA,NA,no,NA,adult,NA
pre-treatment,2005-11-25,Trachylepis capensis,alive,6C,3,bucket,NA,NA,yes,6C,adult,NA
pre-treatment,2005-11-29,Gerrhosaurus flavigularis,alive,13B,1,funnel,4,blue,no,NA,juvenile,NA
pre-treatment,2005-12-01,Trachylepis capensis,alive,D2,2,funnel,3,black,no,NA,adult,yes
pre-treatment,2005-12-04,Gerrhosaurus flavigularis,alive,13A,0,bucket,NA,NA,no,NA,juvenile,NA
pre-treatment,2005-12-04,Bitis arietans arietans,alive,13A,4,funnel,8,black,NA,NA,juvenile,NA
pre-treatment,2005-12-04,Trachylepis capensis,alive,13B,0,bucket,NA,NA,no,NA,adult,NA
pre-treatment,2005-12-04,Gerrhosaurus flavigularis,alive,13C,0,bucket,NA,NA,no,NA,juvenile,NA
pre-treatment,2005-12-04,Agama aculeata distanti,alive,D1,2,bucket,NA,NA,yes,D1,adult,NA
pre-treatment,2005-12-04,Trachylepis capensis,alive,D2,4,bucket,NA,NA,yes,D2,adult,NA
pre-treatment,2005-12-04,Trachylepis capensis,alive,D3,3,bucket,NA,NA,no,NA,adult,yes
pre-treatment,2005-12-04,Trachylepis capensis,alive,D3,3,bucket,NA,NA,no,NA,adult,yes
pre-treatment,2005-12-04,Trachylepis capensis,alive,D3,4,bucket,NA,NA,no,NA,juvenile,NA
pre-treatment,2005-12-04,Gerrhosaurus flavigularis,alive,6B,0,bucket,NA,NA,no,NA,juvenile,NA
pre-treatment,2005-12-05,Typhlops bibronii,alive,6A,1,bucket,NA,NA,NA,NA,adult,NA
pre-treatment,2005-12-05,Gerrhosaurus flavigularis,alive,Z3,2,bucket,NA,NA,no,NA,juvenile,NA
pre-treatment,2005-12-05,Trachylepis capensis,alive,13A,1,bucket,NA,NA,no,NA,juvenile,yes
pre-treatment,2005-12-06,Gerrhosaurus flavigularis,alive,6C,4,bucket,NA,NA,no,NA,juvenile,NA
pre-treatment,2005-12-06,Gerrhosaurus flavigularis,alive,6B,0,bucket,NA,NA,no,NA,juvenile,NA
pre-treatment,2005-12-06,Gerrhosaurus flavigularis,alive,Z1,1,funnel,1,blue,no,NA,juvenile,NA
pre-treatment,2005-12-07,Gerrhosaurus flavigularis,alive,13A,0,bucket,NA,NA,no,NA,juvenile,NA
pre-treatment,2005-12-08,Trachylepis varia,alive,D1,1,bucket,NA,NA,no,NA,adult,yes
pre-treatment,2005-12-08,Gerrhosaurus flavigularis,alive,D3,0,bucket,NA,NA,no,NA,adult,NA
pre-treatment,2005-12-08,Trachylepis capensis,alive,Z3,1,bucket,NA,NA,no,NA,adult,NA
pre-treatment,2005-12-08,Trachylepis capensis,alive,Z3,0,bucket,NA,NA,no,NA,adult,NA
pre-treatment,2005-12-08,Gerrhosaurus flavigularis,dead,Z2,0,bucket,NA,NA,no,NA,juvenile,NA
pre-treatment,2005-12-08,Gerrhosaurus flavigularis,alive,6A,0,bucket,NA,NA,no,NA,adult,NA
pre-treatment,2005-12-08,Trachylepis capensis,alive,D1,4,bucket,NA,NA,no,NA,adult,yes
pre-treatment,2005-12-08,Trachylepis capensis,alive,6A,3,bucket,NA,NA,no,NA,juvenile,NA
pre-treatment,2005-12-09,Gerrhosaurus flavigularis,alive,6A,1,bucket,NA,NA,no,NA,juvenile,NA
pre-treatment,2005-12-12,Gerrhosaurus flavigularis,alive,13C,0,bucket,NA,NA,yes,13C,adult,NA
pre-treatment,2005-12-12,Trachylepis capensis,alive,D3,3,bucket,NA,NA,no,NA,juvenile,NA
pre-treatment,2005-12-12,Trachylepis capensis,alive,Z1,0,bucket,NA,NA,no,NA,juvenile,NA
pre-treatment,2005-12-12,Gerrhosaurus flavigularis,alive,6C,2,bucket,NA,NA,no,NA,adult,NA
pre-treatment,2005-12-12,Trachylepis capensis,alive,6C,2,bucket,NA,NA,yes,6B,adult,NA
pre-treatment,2005-12-12,Gerrhosaurus flavigularis,alive,6C,3,funnel,6,blue,no,NA,juvenile,NA
pre-treatment,2005-12-12,Trachylepis varia,alive,6B,1,funnel,2,blue,no,NA,juvenile,NA
pre-treatment,2005-12-12,Gerrhosaurus flavigularis,alive,6B,4,bucket,NA,NA,no,NA,juvenile,NA
pre-treatment,2005-12-14,Dasypeltis scabra,alive,13C,2,funnel,3,blue,NA,NA,adult,NA
pre-treatment,2005-12-14,Dasypeltis scabra,alive,Z2,3,funnel,6,black,NA,NA,adult,NA
pre-treatment,2005-12-15,Trachylepis varia,alive,Z1,1,bucket,NA,NA,no,NA,juvenile,NA
pre-treatment,2005-12-16,Trachylepis capensis,alive,6C,2,bucket,NA,NA,no,NA,adult,yes
pre-treatment,2005-12-17,Causus rhombeatus,alive,D3,4,funnel,7,blue,NA,NA,juvenile,NA
pre-treatment,2005-12-17,Aparallactus capensis,alive,6B,3,funnel,6,blue,NA,NA,adult,NA
pre-treatment,2005-12-17,Trachylepis varia,alive,6A,1,bucket,NA,NA,no,NA,juvenile,NA
pre-treatment,2005-12-17,Trachylepis varia,alive,6A,0,bucket,NA,NA,no,NA,juvenile,NA
pre-treatment,2005-12-20,Trachylepis capensis,alive,D3,1,funnel,2,blue,yes,D3,adult,yes
pre-treatment,2005-12-20,Gerrhosaurus flavigularis,alive,Z2,3,funnel,5,blue,no,NA,juvenile,NA
pre-treatment,2005-12-20,Gerrhosaurus flavigularis,dead,Z1,2,funnel,4,black,no,NA,adult,NA
pre-treatment,2005-12-21,Duberria lutrix,alive,Z3,3,funnel,5,blue,NA,NA,adult,NA
pre-treatment,2005-12-22,Gerrhosaurus flavigularis,alive,13B,1,funnel,2,black,no,NA,adult,NA
pre-treatment,2005-12-22,Gerrhosaurus flavigularis,alive,13C,1,funnel,2,blue,yes,13C,adult,yes
pre-treatment,2005-12-22,Trachylepis capensis,alive,D1,1,bucket,NA,NA,no,NA,juvenile,NA
pre-treatment,2005-12-22,Gerrhosaurus flavigularis,alive,D3,1,bucket,NA,NA,yes,D3,adult,NA
pre-treatment,2005-12-22,Gerrhosaurus flavigularis,alive,6C,3,bucket,NA,NA,yes,6C,adult,NA
pre-treatment,2005-12-23,Trachylepis varia,alive,D1,0,bucket,NA,NA,no,NA,juvenile,NA
pre-treatment,2005-12-23,Gerrhosaurus flavigularis,alive,D3,3,funnel,5,black,no,NA,juvenile,NA
pre-treatment,2005-12-23,Typhlops bibronii,alive,Z3,0,bucket,NA,NA,NA,NA,adult,NA
pre-treatment,2005-12-27,Trachylepis capensis,alive,13C,0,bucket,NA,NA,no,NA,juvenile,yes
pre-treatment,2005-12-27,Typhlops bibronii,alive,D2,0,bucket,NA,NA,NA,NA,adult,NA
pre-treatment,2005-12-27,Trachylepis capensis,dead,D3,2,funnel,3,blue,no,NA,adult,NA
pre-treatment,2005-12-27,Trachylepis capensis,alive,D3,2,funnel,3,blue,no,NA,adult,NA
pre-treatment,2005-12-27,Trachylepis capensis,alive,6C,2,bucket,NA,NA,no,NA,adult,NA
pre-treatment,2005-12-29,Trachylepis capensis,alive,13B,2,bucket,NA,NA,no,NA,juvenile,NA
pre-treatment,2005-12-29,Typhlops bibronii,alive,13C,4,bucket,NA,NA,NA,NA,adult,NA
pre-treatment,2005-12-29,Pseudaspis cana,alive,6B,2,funnel,4,blue,NA,NA,juvenile,NA
pre-treatment,2005-12-30,Trachylepis capensis,alive,D1,1,bucket,NA,NA,no,NA,adult,NA
pre-treatment,2005-12-30,Trachylepis capensis,alive,D3,2,funnel,3,blue,yes,D3,adult,NA
pre-treatment,2005-12-31,Trachylepis varia,alive,6B,0,bucket,NA,NA,no,NA,adult,NA
pre-treatment,2006-01-08,Bitis arietans arietans,alive,D2,2,funnel,4,blue,NA,NA,juvenile,NA
pre-treatment,2006-01-08,Bitis arietans arietans,alive,Z3,1,bucket,NA,NA,NA,NA,adult,NA
pre-treatment,2006-01-08,Gerrhosaurus flavigularis,alive,Z3,3,funnel,5,blue,no,NA,adult,NA
pre-treatment,2006-01-08,Trachylepis varia,alive,Z3,3,funnel,5,blue,no,NA,juvenile,NA
pre-treatment,2006-01-08,Trachylepis varia,alive,Z1,0,bucket,NA,NA,no,NA,juvenile,NA
pre-treatment,2006-01-08,Gerrhosaurus flavigularis,dead,6A,1,bucket,NA,NA,NA,NA,adult,NA
pre-treatment,2006-01-11,Bitis arietans arietans,alive,13B,0,bucket,NA,NA,NA,NA,juvenile,NA
pre-treatment,2006-01-11,Gerrhosaurus flavigularis,alive,13C,0,bucket,NA,NA,yes,13C,adult,yes
pre-treatment,2006-01-12,Causus rhombeatus,alive,13A,1,funnel,1,blue,NA,NA,adult,NA
pre-treatment,2006-01-16,Typhlops bibronii,alive,13A,0,bucket,NA,NA,NA,NA,juvenile,NA
pre-treatment,2006-01-17,Gerrhosaurus flavigularis,alive,6A,4,bucket,NA,NA,no,NA,adult,NA
pre-treatment,2006-01-17,Trachylepis capensis,dead,Z2,1,funnel,2,black,NA,NA,juvenile,NA
pre-treatment,2006-01-17,Trachylepis capensis,alive,D1,1,funnel,2,black,yes,D1,adult,NA
pre-treatment,2006-01-17,Trachylepis capensis,alive,6B,2,bucket,NA,NA,no,NA,juvenile,NA
pre-treatment,2006-01-19,Panaspis wahlbergii,alive,13A,0,bucket,NA,NA,no,NA,juvenile,NA
post-treatment,2006-02-16,Trachylepis varia,dead,6A,1,bucket,NA,NA,no,NA,adult,NA
post-treatment,2006-02-16,Gerrhosaurus flavigularis,alive,6A,0,bucket,NA,NA,no,NA,adult,NA
post-treatment,2006-02-17,Aparallactus capensis,alive,13B,0,bucket,NA,NA,NA,NA,adult,NA
post-treatment,2006-02-17,Pseudaspis cana,alive,D2,2,funnel,3,black,NA,NA,adult,NA
post-treatment,2006-02-17,Trachylepis capensis,dead,D3,0,bucket,NA,NA,no,NA,adult,NA
post-treatment,2006-02-17,Trachylepis capensis,alive,D3,0,bucket,NA,NA,yes,D3,adult,NA
post-treatment,2006-02-17,Trachylepis capensis,alive,D3,1,bucket,NA,NA,no,NA,juvenile,NA
post-treatment,2006-02-17,Trachylepis capensis,alive,Z3,1,funnel,1,black,no,NA,juvenile,NA
post-treatment,2006-02-17,Gerrhosaurus flavigularis,alive,Z2,0,bucket,NA,NA,no,NA,juvenile,NA
post-treatment,2006-02-17,Gerrhosaurus flavigularis,alive,Z2,4,bucket,NA,NA,no,NA,juvenile,NA
post-treatment,2006-02-17,Gerrhosaurus flavigularis,alive,6A,2,funnel,3,blue,no,NA,juvenile,NA
post-treatment,2006-02-17,Psammophis crucifer,alive,6A,1,funnel,2,black,NA,NA,adult,NA
post-treatment,2006-02-17,Gerrhosaurus flavigularis,alive,6C,0,bucket,NA,NA,no,NA,juvenile,NA
post-treatment,2006-02-20,Gerrhosaurus flavigularis,alive,D1,1,bucket,NA,NA,no,NA,adult,NA
post-treatment,2006-02-20,Gerrhosaurus flavigularis,alive,D1,1,funnel,1,blue,no,NA,adult,NA
post-treatment,2006-02-20,Trachylepis capensis,alive,D2,0,bucket,NA,NA,no,NA,juvenile,NA
post-treatment,2006-02-20,Trachylepis capensis,alive,D2,2,bucket,NA,NA,yes,D2,adult,NA
post-treatment,2006-02-20,Trachylepis capensis,alive,D3,2,funnel,4,black,yes,D3,adult,NA
post-treatment,2006-02-20,Psammophis crucifer,alive,D3,2,funnel,4,black,NA,NA,adult,NA
post-treatment,2006-02-20,Gerrhosaurus flavigularis,alive,Z1,0,bucket,NA,NA,no,NA,juvenile,NA
post-treatment,2006-02-20,Gerrhosaurus flavigularis,alive,Z1,0,bucket,NA,NA,no,NA,juvenile,NA
post-treatment,2006-02-20,Gerrhosaurus flavigularis,alive,Z1,2,funnel,3,blue,yes,Z1,adult,NA
post-treatment,2006-02-20,Gerrhosaurus flavigularis,alive,Z1,3,funnel,5,black,no,NA,adult,NA
post-treatment,2006-02-20,Gerrhosaurus flavigularis,alive,Z1,4,funnel,7,blue,yes,Z1,adult,NA
post-treatment,2006-02-20,Psammophis crucifer,alive,6C,4,funnel,8,blue,NA,NA,adult,NA
post-treatment,2006-02-20,Gerrhosaurus flavigularis,alive,6B,0,bucket,NA,NA,no,NA,juvenile,NA
post-treatment,2006-02-20,Gerrhosaurus flavigularis,alive,6B,0,bucket,NA,NA,no,NA,juvenile,NA
post-treatment,2006-02-20,Psammophis crucifer,alive,6A,1,funnel,2,black,NA,NA,juvenile,NA
post-treatment,2006-02-22,Trachylepis capensis,alive,D3,1,funnel,1,black,yes,D3,adult,NA
post-treatment,2006-02-22,Psammophis crucifer,alive,D3,4,funnel,7,blue,NA,NA,adult,NA
post-treatment,2006-02-22,Trachylepis varia,alive,6A,2,bucket,NA,NA,no,NA,juvenile,NA
post-treatment,2006-02-24,Psammophylax rhombeatus,alive,6A,3,funnel,5,black,NA,NA,adult,NA
post-treatment,2006-02-24,Gerrhosaurus flavigularis,alive,6A,3,funnel,5,black,yes,6A,adult,NA
post-treatment,2006-02-24,Trachylepis capensis,alive,Z2,2,funnel,4,black,no,NA,juvenile,NA
post-treatment,2006-02-28,Gerrhosaurus flavigularis,alive,6A,0,bucket,NA,NA,no,NA,juvenile,NA
post-treatment,2006-02-28,Trachylepis varia,alive,6A,3,funnel,5,black,no,NA,juvenile,NA
post-treatment,2006-02-28,Gerrhosaurus flavigularis,alive,6C,4,funnel,8,blue,NA,NA,adult,NA
post-treatment,2006-02-28,Gerrhosaurus flavigularis,alive,6B,0,bucket,NA,NA,no,NA,adult,NA
post-treatment,2006-02-28,Panaspis wahlbergii,alive,6B,3,funnel,5,black,no,NA,adult,NA
post-treatment,2006-03-02,Lycophidion capense,alive,6A,4,funnel,7,blue,NA,NA,adult,NA
post-treatment,2006-03-02,Trachylepis capensis,alive,6C,2,funnel,4,black,no,NA,juvenile,NA
post-treatment,2006-03-02,Panaspis wahlbergii,alive,Z1,3,funnel,5,black,no,NA,adult,NA
post-treatment,2006-03-02,Panaspis wahlbergii,alive,Z1,1,funnel,1,blue,no,NA,adult,NA
post-treatment,2006-03-02,Psammophis crucifer,alive,Z2,1,funnel,2,black,NA,NA,adult,NA
post-treatment,2006-03-02,Psammophis crucifer,alive,D3,1,funnel,2,blue,NA,NA,juvenile,NA
post-treatment,2006-03-02,Trachylepis capensis,alive,D3,3,funnel,5,black,no,NA,juvenile,NA
post-treatment,2006-03-02,Trachylepis capensis,alive,D2,2,funnel,3,black,no,NA,adult,NA
post-treatment,2006-03-02,Psammophylax rhombeatus,alive,13B,3,funnel,6,blue,NA,NA,juvenile,NA
post-treatment,2006-03-03,Bitis arietans arietans,alive,6B,1,funnel,2,blue,NA,NA,juvenile,NA
post-treatment,2006-03-03,Pseudaspis cana,alive,6B,2,funnel,3,black,NA,NA,juvenile,NA
post-treatment,2006-03-03,Gerrhosaurus flavigularis,alive,Z3,2,funnel,4,black,no,NA,adult,NA
post-treatment,2006-03-03,Pseudaspis cana,alive,Z3,3,funnel,6,black,NA,NA,juvenile,NA
post-treatment,2006-03-03,Psammophis crucifer,alive,D3,2,funnel,4,black,NA,NA,adult,NA
post-treatment,2006-03-03,Gerrhosaurus flavigularis,alive,D1,4,funnel,8,blue,NA,NA,juvenile,NA
post-treatment,2006-03-06,Gerrhosaurus flavigularis,alive,6B,2,funnel,4,blue,no,NA,adult,NA
post-treatment,2006-03-06,Trachylepis capensis,alive,6C,1,funnel,2,blue,no,NA,adult,NA
post-treatment,2006-03-06,Gerrhosaurus flavigularis,alive,Z1,0,bucket,NA,NA,yes,Z1,adult,NA
post-treatment,2006-03-06,Panaspis wahlbergii,alive,Z1,0,bucket,NA,NA,no,NA,juvenile,NA
post-treatment,2006-03-06,Gerrhosaurus flavigularis,alive,Z1,3,funnel,6,blue,no,NA,adult,NA
post-treatment,2006-03-06,Gerrhosaurus flavigularis,alive,Z2,0,bucket,NA,NA,no,NA,juvenile,NA
post-treatment,2006-03-07,Hemachatus haemachatus,alive,6C,1,bucket,NA,NA,NA,NA,juvenile,NA
post-treatment,2006-03-07,Trachylepis capensis,alive,6C,4,funnel,8,blue,yes,6C,adult,NA
post-treatment,2006-03-08,Trachylepis capensis,alive,D2,1,funnel,1,black,no,NA,juvenile,NA
post-treatment,2006-03-08,Trachylepis capensis,alive,D2,1,funnel,2,blue,yes,D2,adult,NA
post-treatment,2006-03-08,Gerrhosaurus flavigularis,alive,D2,3,funnel,6,blue,no,NA,juvenile,NA
post-treatment,2006-03-08,Trachylepis varia,alive,Z3,4,funnel,8,black,no,NA,juvenile,NA
post-treatment,2006-03-08,Trachylepis varia,alive,Z3,4,bucket,NA,NA,no,NA,adult,NA
post-treatment,2006-03-08,Panaspis wahlbergii,alive,Z2,0,bucket,NA,NA,no,NA,juvenile,NA
post-treatment,2006-03-08,Hemachatus haemachatus,dead,6C,1,funnel,1,black,NA,NA,juvenile,NA
post-treatment,2006-03-08,Trachylepis capensis,alive,6C,4,funnel,7,black,yes,6C,adult,NA
post-treatment,2006-03-08,Psammophis crucifer,alive,6B,2,funnel,3,black,NA,NA,adult,NA
post-treatment,2006-03-08,Trachylepis capensis,alive,6B,4,funnel,8,blue,no,NA,adult,NA
post-treatment,2006-03-09,Gerrhosaurus flavigularis,alive,6A,0,bucket,NA,NA,no,NA,juvenile,NA
post-treatment,2006-03-09,Gerrhosaurus flavigularis,alive,Z1,2,bucket,NA,NA,no,NA,juvenile,NA
post-treatment,2006-03-09,Gerrhosaurus flavigularis,alive,Z2,0,bucket,NA,NA,no,NA,juvenile,NA
post-treatment,2006-03-10,Panaspis wahlbergii,alive,6C,0,bucket,NA,NA,NA,NA,juvenile,NA
post-treatment,2006-03-10,Trachylepis capensis,alive,6C,2,funnel,4,black,yes,6C,adult,NA
post-treatment,2006-03-10,Gerrhosaurus flavigularis,alive,6C,4,funnel,7,black,yes,6C,adult,NA
post-treatment,2006-03-10,Trachylepis capensis,alive,6A,3,funnel,5,black,NA,NA,adult,NA
post-treatment,2006-03-13,Trachylepis capensis,alive,D2,2,bucket,NA,NA,no,NA,adult,NA
post-treatment,2006-03-13,Gerrhosaurus flavigularis,alive,Z3,1,funnel,1,black,no,NA,juvenile,NA
post-treatment,2006-03-13,Gerrhosaurus flavigularis,alive,Z1,0,bucket,NA,NA,no,NA,juvenile,NA
post-treatment,2006-03-13,Gerrhosaurus flavigularis,alive,Z1,2,funnel,4,black,no,NA,juvenile,NA
post-treatment,2006-03-13,Gerrhosaurus flavigularis,alive,Z1,3,funnel,5,black,yes,Z1,adult,NA
post-treatment,2006-03-13,Gerrhosaurus flavigularis,alive,6C,0,bucket,NA,NA,no,NA,juvenile,NA
post-treatment,2006-03-13,Trachylepis varia,alive,6B,4,bucket,NA,NA,no,NA,adult,NA
post-treatment,2006-03-15,Trachylepis capensis,alive,13A,2,funnel,3,blue,no,NA,juvenile,NA
post-treatment,2006-03-15,Gerrhosaurus flavigularis,alive,6C,4,funnel,7,black,yes,6C,juvenile,NA
post-treatment,2006-03-15,Trachylepis capensis,alive,6C,2,funnel,4,black,no,NA,juvenile,NA
post-treatment,2006-03-17,Trachylepis capensis,alive,13B,0,bucket,NA,NA,no,NA,adult,NA
post-treatment,2006-03-17,Psammophis crucifer,alive,13B,3,funnel,6,blue,NA,NA,adult,NA
post-treatment,2006-03-17,Panaspis wahlbergii,alive,Z2,4,bucket,NA,NA,NA,NA,adult,NA
post-treatment,2006-03-17,Gerrhosaurus flavigularis,alive,Z1,1,funnel,1,black,no,NA,juvenile,NA
post-treatment,2006-03-17,Panaspis wahlbergii,alive,6B,1,funnel,1,black,NA,NA,adult,NA
post-treatment,2006-03-17,Trachylepis varia,alive,6B,2,funnel,4,blue,no,NA,adult,NA
post-treatment,2006-03-17,Trachylepis varia,alive,6A,2,bucket,NA,NA,no,NA,adult,NA
post-treatment,2006-03-20,Gerrhosaurus flavigularis,alive,13B,2,funnel,3,black,no,NA,juvenile,NA
post-treatment,2006-03-20,Trachylepis capensis,alive,D2,4,funnel,7,blue,yes,D2,adult,NA
post-treatment,2006-03-20,Gerrhosaurus flavigularis,alive,D3,3,funnel,5,black,no,NA,juvenile,NA
post-treatment,2006-03-20,Trachylepis varia,alive,Z2,1,funnel,1,blue,no,NA,juvenile,NA
post-treatment,2006-03-20,Gerrhosaurus flavigularis,alive,Z1,1,funnel,1,blue,yes,Z1,adult,NA
post-treatment,2006-03-20,Gerrhosaurus flavigularis,alive,Z1,0,bucket,NA,NA,no,NA,juvenile,NA
post-treatment,2006-03-20,Gerrhosaurus flavigularis,alive,Z1,4,funnel,7,blue,no,NA,juvenile,NA
post-treatment,2006-03-20,Trachylepis varia,alive,Z1,4,funnel,8,black,no,NA,juvenile,NA
post-treatment,2006-03-20,Psammophis crucifer,alive,6C,2,funnel,3,blue,NA,NA,adult,NA
post-treatment,2006-03-20,Psammophis crucifer,alive,6C,3,funnel,5,black,NA,NA,juvenile,NA
post-treatment,2006-03-20,Gerrhosaurus flavigularis,alive,6B,1,funnel,2,blue,no,NA,adult,NA
post-treatment,2006-03-20,Trachylepis varia,alive,6A,4,funnel,7,blue,no,NA,juvenile,NA
post-treatment,2006-03-21,Panaspis wahlbergii,alive,Z3,2,funnel,4,black,NA,NA,adult,NA
post-treatment,2006-03-21,Psammophis crucifer,alive,Z2,1,funnel,2,black,NA,NA,adult,NA
post-treatment,2006-03-21,Gerrhosaurus flavigularis,alive,Z1,2,funnel,4,black,no,NA,juvenile,NA
post-treatment,2006-03-21,Panaspis wahlbergii,alive,Z1,4,funnel,7,blue,NA,NA,adult,NA
post-treatment,2006-03-21,Psammophis crucifer,alive,Z1,2,funnel,8,black,NA,NA,juvenile,NA
post-treatment,2006-03-21,Panaspis wahlbergii,alive,6B,4,funnel,7,black,NA,NA,adult,NA
post-treatment,2006-03-22,Trachylepis varia,alive,D2,0,bucket,NA,NA,no,NA,juvenile,NA
post-treatment,2006-03-22,Gerrhosaurus flavigularis,alive,6B,1,bucket,NA,NA,no,NA,adult,NA
post-treatment,2006-03-22,Panaspis wahlbergii,alive,6A,4,bucket,NA,NA,NA,NA,juvenile,NA
post-treatment,2006-03-24,Lycophidion capense,alive,13B,4,funnel,8,blue,NA,NA,adult,NA
post-treatment,2006-03-24,Trachylepis capensis,alive,D3,4,funnel,7,blue,no,NA,adult,NA
post-treatment,2006-03-24,Psammophis crucifer,alive,Z1,2,funnel,3,blue,NA,NA,adult,NA
post-treatment,2006-03-24,Hemachatus haemachatus,alive,Z1,2,funnel,3,blue,NA,NA,adult,NA
post-treatment,2006-03-24,Trachylepis varia,alive,6A,2,funnel,4,black,yes,6A,juvenile,NA
post-treatment,2006-03-27,Gerrhosaurus flavigularis,alive,6B,0,bucket,NA,NA,no,NA,juvenile,NA
post-treatment,2006-03-27,Gerrhosaurus flavigularis,alive,6B,4,funnel,7,black,no,NA,adult,NA
post-treatment,2006-03-27,Trachylepis capensis,alive,6B,4,funnel,7,black,no,NA,adult,NA
post-treatment,2006-03-27,Trachylepis capensis,alive,6C,2,funnel,4,black,yes,6C,adult,NA
post-treatment,2006-03-27,Panaspis wahlbergii,alive,6C,1,bucket,NA,NA,NA,NA,adult,NA
post-treatment,2006-03-27,Panaspis wahlbergii,alive,Z1,1,funnel,1,blue,NA,NA,adult,NA
post-treatment,2006-03-27,Panaspis wahlbergii,alive,Z1,4,funnel,7,blue,NA,NA,adult,NA
post-treatment,2006-03-27,Hemachatus haemachatus,alive,Z1,2,funnel,3,blue,NA,NA,adult,NA
post-treatment,2006-03-27,Hemachatus haemachatus,alive,Z1,2,bucket,NA,NA,NA,NA,adult,NA
post-treatment,2006-03-27,Gerrhosaurus flavigularis,alive,Z2,1,funnel,1,blue,no,NA,juvenile,NA
post-treatment,2006-03-27,Trachylepis capensis,alive,Z2,2,funnel,4,black,NA,NA,juvenile,NA
post-treatment,2006-03-27,Trachylepis capensis,alive,D3,2,funnel,4,black,yes,D3,adult,NA
post-treatment,2006-03-27,Trachylepis capensis,alive,D2,1,funnel,2,blue,no,NA,adult,NA
post-treatment,2006-03-27,Gerrhosaurus flavigularis,alive,D1,0,bucket,NA,NA,yes,D2,adult,NA
post-treatment,2006-03-29,Trachylepis capensis,alive,13A,4,funnel,7,blue,no,NA,adult,NA
post-treatment,2006-03-29,Lycophidion capense,alive,D3,1,funnel,1,black,NA,NA,adult,NA
post-treatment,2006-03-29,Psammophis crucifer,alive,Z1,1,funnel,1,blue,NA,NA,adult,NA
post-treatment,2006-03-29,Panaspis wahlbergii,alive,Z1,4,funnel,8,black,NA,NA,adult,NA
post-treatment,2006-03-29,Psammophis crucifer,alive,6B,4,funnel,7,black,NA,NA,adult,NA
post-treatment,2006-03-29,Gerrhosaurus flavigularis,alive,6B,4,bucket,NA,NA,no,NA,juvenile,NA
post-treatment,2006-03-29,Trachylepis varia,alive,6B,4,bucket,NA,NA,no,NA,adult,NA
post-treatment,2006-03-30,Trachylepis capensis,alive,Z2,1,bucket,NA,NA,yes,Z2,adult,NA
post-treatment,2006-03-30,Gerrhosaurus flavigularis,alive,6B,4,funnel,7,black,yes,6B,juvenile,NA
post-treatment,2006-03-31,Gerrhosaurus flavigularis,alive,6B,4,funnel,7,black,no,NA,juvenile,NA
post-treatment,2006-03-31,Gerrhosaurus flavigularis,alive,D1,4,funnel,7,black,no,NA,juvenile,NA
post-treatment,2006-03-31,Gerrhosaurus flavigularis,alive,13C,4,funnel,8,blue,no,NA,juvenile,NA
post-treatment,2006-04-03,Gerrhosaurus flavigularis,alive,D1,3,bucket,NA,NA,yes,D1,juvenile,NA
post-treatment,2006-04-03,Trachylepis capensis,alive,Z3,4,bucket,NA,NA,no,NA,juvenile,NA
post-treatment,2006-04-03,Psammophis crucifer,alive,Z2,2,funnel,3,blue,NA,NA,adult,NA
post-treatment,2006-04-03,Trachylepis varia,alive,Z1,2,funnel,4,black,no,NA,adult,NA
post-treatment,2006-04-03,Gerrhosaurus flavigularis,alive,6C,0,bucket,NA,NA,no,NA,juvenile,NA
post-treatment,2006-04-03,Trachylepis capensis,alive,6C,4,funnel,7,black,no,NA,adult,NA
post-treatment,2006-04-03,Panaspis wahlbergii,alive,6A,2,bucket,NA,NA,NA,NA,adult,NA
post-treatment,2006-04-04,Trachylepis varia,alive,D3,3,funnel,6,blue,no,NA,adult,NA
post-treatment,2006-04-04,Panaspis wahlbergii,alive,Z2,1,bucket,NA,NA,NA,NA,adult,NA
post-treatment,2006-04-04,Trachylepis varia,alive,Z2,4,funnel,8,blue,no,NA,adult,NA
post-treatment,2006-04-04,Trachylepis capensis,alive,6C,2,funnel,4,black,no,NA,adult,NA
post-treatment,2006-04-04,Trachylepis capensis,alive,6C,4,funnel,7,black,no,NA,adult,NA
post-treatment,2006-04-04,Gerrhosaurus flavigularis,alive,6C,4,funnel,7,black,yes,6C,juvenile,NA
post-treatment,2006-04-04,Gerrhosaurus flavigularis,alive,6B,4,bucket,NA,NA,no,NA,juvenile,NA
post-treatment,2006-04-04,Trachylepis varia,alive,6B,3,funnel,5,black,no,NA,adult,NA
post-treatment,2006-04-04,Panaspis wahlbergii,alive,6B,3,funnel,5,black,NA,NA,adult,NA
post-treatment,2006-04-04,Panaspis wahlbergii,alive,6B,3,bucket,NA,NA,NA,NA,adult,NA
post-treatment,2006-04-05,Trachylepis varia,alive,D2,1,bucket,NA,NA,no,NA,adult,NA
post-treatment,2006-04-05,Gerrhosaurus flavigularis,alive,6C,0,bucket,NA,NA,no,NA,juvenile,NA
post-treatment,2006-04-05,Panaspis wahlbergii,alive,6B,0,bucket,NA,NA,NA,NA,adult,NA
post-treatment,2006-04-05,Trachylepis capensis,alive,6A,0,bucket,NA,NA,no,NA,juvenile,NA
post-treatment,2006-04-06,Trachylepis capensis,alive,13B,4,funnel,7,black,yes,13B,adult,NA
post-treatment,2006-04-06,Causus rhombeatus,alive,13B,1,funnel,1,blue,NA,NA,juvenile,NA
post-treatment,2006-04-06,Trachylepis varia,alive,D3,3,funnel,5,black,no,NA,juvenile,NA
post-treatment,2006-04-06,Trachylepis varia,alive,D3,3,funnel,6,blue,no,NA,adult,NA
post-treatment,2006-04-06,Trachylepis varia,alive,D3,4,funnel,8,black,no,NA,juvenile,NA
post-treatment,2006-04-06,Panaspis wahlbergii,alive,Z3,0,bucket,NA,NA,NA,NA,adult,NA
post-treatment,2006-04-06,Panaspis wahlbergii,alive,Z3,1,bucket,NA,NA,NA,NA,adult,NA
post-treatment,2006-04-06,Trachylepis varia,alive,Z2,1,funnel,1,blue,no,NA,juvenile,NA
post-treatment,2006-04-06,Trachylepis capensis,alive,Z1,4,funnel,8,black,NA,NA,adult,NA
post-treatment,2006-04-06,Gerrhosaurus flavigularis,alive,Z1,3,funnel,6,blue,no,NA,juvenile,NA
post-treatment,2006-04-06,Gerrhosaurus flavigularis,alive,6C,0,bucket,NA,NA,no,NA,juvenile,NA
post-treatment,2006-04-06,Gerrhosaurus flavigularis,alive,6C,0,bucket,NA,NA,no,NA,juvenile,NA
post-treatment,2006-04-06,Trachylepis capensis,alive,6B,0,bucket,NA,NA,no,NA,juvenile,NA
post-treatment,2006-04-07,Pseudaspis cana,alive,13B,2,funnel,4,blue,NA,NA,juvenile,NA
post-treatment,2006-04-07,Trachylepis varia,alive,Z3,4,bucket,NA,NA,no,NA,adult,NA
post-treatment,2006-04-07,Gerrhosaurus flavigularis,alive,Z1,0,bucket,NA,NA,no,NA,juvenile,NA
post-treatment,2006-04-07,Trachylepis capensis,alive,6C,1,funnel,1,black,yes,6C,adult,NA
post-treatment,2006-04-07,Panaspis wahlbergii,alive,6C,4,funnel,7,black,NA,NA,adult,NA
post-treatment,2006-04-07,Gerrhosaurus flavigularis,alive,6B,2,bucket,NA,NA,no,NA,juvenile,NA
post-treatment,2006-04-07,Trachylepis varia,alive,6A,2,bucket,NA,NA,no,NA,adult,NA
post-treatment,2006-04-09,Gerrhosaurus flavigularis,alive,13B,3,funnel,5,black,no,NA,juvenile,NA
post-treatment,2006-04-09,Trachylepis capensis,alive,D2,1,funnel,2,blue,no,NA,adult,NA
post-treatment,2006-04-09,Gerrhosaurus flavigularis,alive,D2,4,bucket,NA,NA,no,NA,juvenile,NA
post-treatment,2006-04-09,Trachylepis capensis,alive,D3,1,funnel,1,black,yes,D3,adult,NA
post-treatment,2006-04-09,Trachylepis capensis,alive,Z3,1,funnel,1,black,no,NA,adult,NA
post-treatment,2006-04-09,Gerrhosaurus flavigularis,alive,Z1,1,funnel,1,blue,no,NA,juvenile,NA
post-treatment,2006-04-09,Trachylepis capensis,alive,Z1,4,funnel,8,black,no,NA,adult,NA
post-treatment,2006-04-09,Hemachatus haemachatus,alive,Z1,2,funnel,4,black,NA,NA,adult,NA
post-treatment,2006-04-09,Psammophis crucifer,alive,6C,2,funnel,4,black,NA,NA,adult,NA
post-treatment,2006-04-09,Trachylepis capensis,alive,6B,3,bucket,NA,NA,no,NA,adult,NA
post-treatment,2006-04-09,Trachylepis varia,alive,6B,4,funnel,8,blue,no,NA,juvenile,NA
post-treatment,2006-04-09,Trachylepis capensis,alive,6A,3,funnel,5,black,no,NA,juvenile,NA
post-treatment,2006-04-11,Panaspis wahlbergii,alive,13B,1,funnel,2,black,NA,NA,adult,NA
post-treatment,2006-04-11,Panaspis wahlbergii,alive,D1,4,funnel,7,black,NA,NA,adult,NA
post-treatment,2006-04-11,Panaspis wahlbergii,alive,D2,2,funnel,3,black,NA,NA,adult,NA
post-treatment,2006-04-11,Trachylepis capensis,alive,Z1,4,funnel,7,blue,yes,Z1,adult,NA
post-treatment,2006-04-11,Trachylepis capensis,alive,6C,3,bucket,NA,NA,no,NA,adult,NA
post-treatment,2006-04-11,Gerrhosaurus flavigularis,alive,6B,0,bucket,NA,NA,no,NA,juvenile,NA
post-treatment,2006-04-11,Panaspis wahlbergii,alive,6B,0,bucket,NA,NA,NA,NA,adult,NA
post-treatment,2006-04-11,Panaspis wahlbergii,alive,6B,1,funnel,2,blue,NA,NA,adult,NA
post-treatment,2006-04-11,Trachylepis varia,alive,6A,4,funnel,8,black,NA,NA,juvenile,NA
post-treatment,2006-04-13,Trachylepis capensis,alive,D2,3,funnel,3,blue,yes,D2,adult,NA
post-treatment,2006-04-13,Panaspis wahlbergii,alive,Z2,3,funnel,6,black,NA,NA,adult,NA
post-treatment,2006-04-13,Trachylepis varia,alive,Z1,2,funnel,3,blue,no,NA,juvenile,NA
post-treatment,2006-04-13,Gerrhosaurus flavigularis,alive,6A,2,bucket,NA,NA,no,NA,juvenile,NA
post-treatment,2006-04-14,Gerrhosaurus flavigularis,alive,D1,2,funnel,3,blue,no,NA,juvenile,NA
post-treatment,2006-04-14,Trachylepis varia,alive,Z2,1,bucket,NA,NA,yes,Z2,adult,NA
post-treatment,2006-04-14,Trachylepis varia,alive,Z1,1,funnel,1,blue,no,NA,adult,NA
post-treatment,2006-04-14,Trachylepis capensis,alive,Z1,1,funnel,2,black,yes,Z1,adult,NA
post-treatment,2006-04-14,Gerrhosaurus flavigularis,alive,6C,0,bucket,NA,NA,no,NA,juvenile,NA
post-treatment,2006-04-14,Gerrhosaurus flavigularis,alive,6C,0,bucket,NA,NA,no,NA,juvenile,NA
post-treatment,2006-04-18,Trachylepis capensis,alive,D1,2,funnel,3,blue,no,NA,adult,NA
post-treatment,2006-04-18,Trachylepis capensis,alive,D1,4,bucket,NA,NA,no,NA,adult,NA
post-treatment,2006-04-18,Trachylepis capensis,alive,D2,0,bucket,NA,NA,yes,D2,adult,NA
post-treatment,2006-04-18,Panaspis wahlbergii,alive,Z3,4,bucket,NA,NA,NA,NA,adult,NA
post-treatment,2006-04-18,Trachylepis capensis,dead,Z2,0,bucket,NA,NA,no,NA,adult,NA
post-treatment,2006-04-18,Trachylepis varia,alive,Z2,3,bucket,NA,NA,no,NA,adult,NA
post-treatment,2006-04-18,Gerrhosaurus flavigularis,alive,Z1,0,bucket,NA,NA,no,NA,juvenile,NA
post-treatment,2006-04-18,Gerrhosaurus flavigularis,alive,6C,0,bucket,NA,NA,yes,6C,juvenile,NA
post-treatment,2006-04-18,Trachylepis capensis,alive,6C,4,funnel,7,black,no,NA,juvenile,NA
post-treatment,2006-04-18,Trachylepis capensis,alive,6B,2,bucket,NA,NA,no,NA,juvenile,NA
post-treatment,2006-04-18,Panaspis wahlbergii,alive,6A,1,bucket,NA,NA,NA,NA,adult,NA
post-treatment,2006-04-19,Panaspis wahlbergii,alive,13B,1,funnel,2,black,NA,NA,adult,NA
post-treatment,2006-04-19,Bitis arietans arietans,alive,D2,1,bucket,NA,NA,NA,NA,adult,NA
post-treatment,2006-04-19,Trachylepis capensis,alive,D2,2,funnel,3,black,no,NA,adult,NA
post-treatment,2006-04-19,Trachylepis varia,alive,D3,1,bucket,NA,NA,no,NA,adult,NA
post-treatment,2006-04-19,Trachylepis varia,alive,Z2,3,funnel,6,black,yes,Z2,adult,NA
post-treatment,2006-04-19,Trachylepis varia,alive,Z1,4,funnel,8,black,no,NA,adult,NA
post-treatment,2006-04-19,Panaspis wahlbergii,alive,6C,4,bucket,NA,NA,NA,NA,adult,NA
post-treatment,2006-04-19,Gerrhosaurus flavigularis,alive,6A,2,funnel,4,black,no,NA,juvenile,NA
post-treatment,2006-04-20,Trachylepis varia,alive,13A,4,funnel,7,blue,no,NA,adult,NA
post-treatment,2006-04-20,Trachylepis varia,alive,D1,1,funnel,2,black,no,NA,adult,NA
post-treatment,2006-04-20,Gerrhosaurus flavigularis,alive,Z3,1,funnel,1,black,no,NA,adult,NA
post-treatment,2006-04-20,Trachylepis varia,alive,Z3,4,funnel,7,blue,yes,Z3,adult,NA
post-treatment,2006-04-20,Panaspis wahlbergii,alive,Z2,0,bucket,NA,NA,NA,NA,adult,NA
post-treatment,2006-04-20,Trachylepis varia,alive,Z1,0,bucket,NA,NA,no,NA,adult,NA
post-treatment,2006-04-20,Gerrhosaurus flavigularis,alive,6B,3,funnel,6,blue,yes,6B,adult,NA
post-treatment,2006-04-20,Panaspis wahlbergii,alive,6A,4,funnel,8,black,NA,NA,adult,NA
post-treatment,2006-04-20,Trachylepis varia,alive,6A,1,funnel,2,black,no,NA,adult,NA
post-treatment,2006-04-21,Bitis arietans arietans,alive,13B,1,bucket,NA,NA,NA,NA,adult,NA
post-treatment,2006-04-21,Panaspis wahlbergii,alive,13B,1,funnel,2,black,NA,NA,adult,NA
post-treatment,2006-04-21,Bitis arietans arietans,alive,D3,1,bucket,NA,NA,NA,NA,juvenile,NA
post-treatment,2006-04-21,Trachylepis capensis,alive,D3,1,funnel,1,black,no,NA,adult,NA
post-treatment,2006-04-21,Bitis arietans arietans,alive,Z3,4,funnel,7,blue,NA,NA,adult,NA
post-treatment,2006-04-21,Panaspis wahlbergii,alive,Z1,2,funnel,3,blue,NA,NA,adult,NA
post-treatment,2006-04-21,Gerrhosaurus flavigularis,alive,6C,3,funnel,5,black,no,NA,juvenile,NA
post-treatment,2006-04-21,Trachylepis capensis,alive,6B,4,bucket,NA,NA,yes,6B,adult,NA
post-treatment,2006-04-22,Gerrhosaurus flavigularis,alive,D2,0,bucket,NA,NA,no,NA,juvenile,NA
post-treatment,2006-04-22,Bitis arietans arietans,alive,Z3,2,funnel,4,black,NA,NA,adult,NA
post-treatment,2006-04-25,Trachylepis capensis,alive,6A,2,bucket,NA,NA,no,NA,juvenile,NA
post-treatment,2006-04-25,Trachylepis varia,alive,6A,2,bucket,NA,NA,no,NA,adult,NA
post-treatment,2006-04-25,Psammophylax rhombeatus,alive,6C,4,funnel,7,black,NA,NA,adult,NA
post-treatment,2006-04-25,Gerrhosaurus flavigularis,alive,6B,0,bucket,NA,NA,no,NA,juvenile,NA
post-treatment,2006-04-25,Trachylepis capensis,alive,6B,1,bucket,NA,NA,yes,6B,adult,NA
post-treatment,2006-04-25,Trachylepis capensis,alive,6B,3,bucket,NA,NA,no,NA,juvenile,NA
post-treatment,2006-04-25,Trachylepis capensis,alive,Z1,2,funnel,4,NA,no,NA,juvenile,NA
post-treatment,2006-04-25,Gerrhosaurus flavigularis,alive,Z1,3,funnel,6,NA,yes,Z1,adult,NA
post-treatment,2006-04-25,Trachylepis capensis,alive,Z1,1,bucket,NA,NA,no,NA,juvenile,NA
post-treatment,2006-04-25,Bitis arietans arietans,alive,Z3,4,bucket,NA,NA,NA,NA,juvenile,NA
